	id	Judge	Clerk	Began Service:	Term Expires:	E-mail:	Education:	Career:
501	0	 (Recalfed) Leslie G.	 Therese A. Hopkins	N / A	N / A	N / A	N / A	N / A
500	0	 (Recalfed) Leslie G.	 Kimberly Conidi	N / A	N / A	N / A	N / A	N / A
499	0	 (Recalfed) Leslie G.	 The Honorable Wiltiam B. Lawless, New York	N / A	N / A	N / A	N / A	N / A
564	1	 (part-time) Alice R.	 The Honorable Bruce M. Van Sickle,	N / A	N / A	N / A	N / A	N / A
353	2	 (part-time) Larry A,	 Sharon Persbacker 	N / A	N / A	N / A	N / A	N / A
205	3	 (part-time} Anthony R.	 The Honorable Joseph G, Lyons, New Jersey	N / A	N / A	N / A	N / A	N / A
597	4	 (recalled) David S.	 Fran M. Gote 	N / A	N / A	N / A	N / A	N / A
249	5	 (recalled) Don J. Svet_	 Ofelia Infante-Garcia	N / A	N / A	N / A	N / A	N / A
250	5	 (recalled) Don J. Svet_	 Michael Murphy	N / A	N / A	N / A	N / A	N / A
247	6	 Alan C. Torgerson	 Julia C. Roberts	N / A	N / A	N / A	N / A	N / A
246	6	 Alan C. Torgerson	 Barbara Koenig 	N / A	N / A	N / A	N / A	N / A
475	7	 Allan L. Gropper	 Christine Azzaro 	N / A	N / A	N / A	N / A	N / A
476	7	 Allan L. Gropper	 Max Polonsky 	N / A	N / A	N / A	N / A	N / A
262	8	 Allyne R. Ross	 Jorge Tenreiro .. 0200	N / A	N / A	N / A	N / A	N / A
261	8	 Allyne R. Ross	 Alex Caspari.. 2.0.0	N / A	N / A	N / A	N / A	N / A
390	9	 Alvin K, Hellerstein	 Michelle Parikh 	N / A	N / A	N / A	N / A	N / A
389	9	 Alvin K, Hellerstein	 Sheila Nagaraj.. 0.2	N / A	N / A	N / A	N / A	N / A
388	9	 Alvin K, Hellerstein	 The Honorable Edmund L. Paimieri, United States	N / A	N / A	N / A	N / A	N / A
440	10	 Andrew J. Peck	 The Honorable Paul Roney, United States Court of	N / A	N / A	N / A	N / A	N / A
439	10	 Andrew J. Peck	 Edward Hertwig 	N / A	N / A	N / A	N / A	N / A
200	11	 Ann Marie Donio	 Shimon Taub 	N / A	N / A	N / A	N / A	N / A
302	12	 Arlene Rosario	 Alyee Goodstein 	N / A	N / A	N / A	N / A	N / A
303	12	 Arlene Rosario	 Dina Miller 	N / A	N / A	N / A	N / A	N / A
287	13	 Arthur D. Spatt	 Daniel Venditti	N / A	N / A	N / A	N / A	N / A
83	14	 Arthur Federman	 Erica Garrett	N / A	N / A	N / A	N / A	N / A
610	15	 Arthur I. Harris	, District Judge John M. Manos, United States	N / A	N / A	N / A	N / A	N / A
470	16	 Arthur J. Gonzalez	 Lorraine M. Echevarria	N / A	N / A	N / A	N / A	N / A
56	17	 Audrey G. Fleissig	 Phyllis Shapiro	N / A	N / A	N / A	N / A	N / A
377	18	 Barbara S. Jones	 Susan Cordaro	N / A	N / A	N / A	N / A	N / A
378	18	 Barbara S. Jones	 Young Lee	N / A	N / A	N / A	N / A	N / A
379	18	 Barbara S. Jones	 Annette Pell	N / A	N / A	N / A	N / A	N / A
133	19	 Bruce A. Markell	 David Fuller 	N / A	N / A	N / A	N / A	N / A
220	20	 Bruce D. Black	 Paul G. Fyfe 	N / A	N / A	N / A	N / A	N / A
219	20	 Bruce D. Black	 Michelle Wasserman,	N / A	N / A	N / A	N / A	N / A
237	21	 C. LeRoy Hansen	 Mary E. Lebeck 	N / A	N / A	N / A	N / A	N / A
235	21	 C. LeRoy Hansen	 The Honorable Irvin 8. Moise, New Mexico	N / A	N / A	N / A	N / A	N / A
238	21	 C. LeRoy Hansen	 Virginia Loman 	N / A	N / A	N / A	N / A	N / A
236	21	 C. LeRoy Hansen	 Nancy Ackermann	N / A	N / A	N / A	N / A	N / A
548	22	 Carl Horn, lil	 David L. Grigg, Je	N / A	N / A	N / A	N / A	N / A
549	22	 Carl Horn, lil	 Michelle D. Robinson	N / A	N / A	N / A	N / A	N / A
503	23	 Carl L. Bucki	 Adolph C. lanmaccone 	N / A	N / A	N / A	N / A	N / A
502	23	 Carl L. Bucki	 The Honorable Matthew J. Jasen, New York Court of	N / A	N / A	N / A	N / A	N / A
321	24	 Carla E. Craig	 Sharon L. Weiss	N / A	N / A	N / A	N / A	N / A
94	25	 Carolyn S. Ostby	, Chief Judge The Honorable Russell E. Smith,	N / A	N / A	N / A	N / A	N / A
535	26	 Catharine R.	 The Honorable Rufus W. Reynolds, United States	N / A	N / A	N / A	N / A	N / A
536	26	 Catharine R.	 Lena M. James .. 2.2.02	N / A	N / A	N / A	N / A	N / A
537	26	 Catharine R.	 Constance Russell	N / A	N / A	N / A	N / A	N / A
472	27	 Cecelia G. Morris	 Jeffrey Narmore 	N / A	N / A	N / A	N / A	N / A
471	27	 Cecelia G. Morris	 Cassandra M. Porter	N / A	N / A	N / A	N / A	N / A
42	28	 Charles A. Shaw	 Megan Rosenberg	N / A	N / A	N / A	N / A	N / A
40	28	 Charles A. Shaw	, National Labor Relations Board (1973-1974); Attorney,	N / A	N / A	N / A	N / A	N / A
39	28	 Charles A. Shaw	, United States Department of Justice (1972-1973); -	N / A	N / A	N / A	N / A	N / A
43	28	 Charles A. Shaw	 Jeanette Valentine Rose 	N / A	N / A	N / A	N / A	N / A
41	28	 Charles A. Shaw	 Nigel Cooney	N / A	N / A	N / A	N / A	N / A
93	29	 Charles C. Lovell	 Margaret Bentwood 	N / A	N / A	N / A	N / A	N / A
58	30	 Charles E. Rendlen, Hi	 Susan Spraul	N / A	N / A	N / A	N / A	N / A
59	30	 Charles E. Rendlen, Hi	Judicial Assistant Barbara Sutton,	N / A	N / A	N / A	N / A	N / A
438	31	 Charles L. Brieant	 (Vacant). 	N / A	N / A	N / A	N / A	N / A
284	32	 Charles P. Sifton	 Abja Midha	N / A	N / A	N / A	N / A	N / A
283	32	 Charles P. Sifton	 Dina Chelst	N / A	N / A	N / A	N / A	N / A
282	32	 Charles P. Sifton	 Samuel Butt	N / A	N / A	N / A	N / A	N / A
431	33	 Charles S. Haight, Jr.	 Andrew Lee 	N / A	N / A	N / A	N / A	N / A
432	33	 Charles S. Haight, Jr.	 Tarsha Phillibert	N / A	N / A	N / A	N / A	N / A
313	34	 Cheryl L. Pollak	 The Honorable Wm. H. Timbers, United States	N / A	N / A	N / A	N / A	N / A
314	34	 Cheryl L. Pollak	 Adam Jackson Heinz 	N / A	N / A	N / A	N / A	N / A
315	34	 Cheryl L. Pollak	 Bethany R. Turke	N / A	N / A	N / A	N / A	N / A
204	35	 Claire C. Cecchi	 Daniele J. Capasso 	N / A	N / A	N / A	N / A	N / A
386	36	 Colleen McMahon	 Kyle OG. Wood	N / A	N / A	N / A	N / A	N / A
385	36	 Colleen McMahon	 James O*Neill	N / A	N / A	N / A	N / A	N / A
384	36	 Colleen McMahon	 Judd Henry	N / A	N / A	N / A	N / A	N / A
580	37	 Dan A. Polster	 Allen L. Bohnert 	N / A	N / A	N / A	N / A	N / A
581	37	 Dan A. Polster	 Mary Jordan Hughes	N / A	N / A	N / A	N / A	N / A
554	38	 Daniel L. Hovland	, Chief Justice Ralph I. Erickstad, North Dakota	N / A	N / A	N / A	N / A	N / A
559	38	 Daniel L. Hovland	 Douglas Murch 	N / A	N / A	N / A	N / A	N / A
558	38	 Daniel L. Hovland	 LaDonne R. Vik	N / A	N / A	N / A	N / A	N / A
555	38	 Daniel L. Hovland	 Jonathan Carpenter 	N / A	N / A	N / A	N / A	N / A
556	38	 Daniel L. Hovland	 Luke Hansen	N / A	N / A	N / A	N / A	N / A
557	38	 Daniel L. Hovland	, Obnstad Twichell, P-C. (1984), Associate,	N / A	N / A	N / A	N / A	N / A
585	39	 David A. Katz	 Bassel KorkKor 	N / A	N / A	N / A	N / A	N / A
586	39	 David A. Katz	 Catherine Garcia-Feehan 	N / A	N / A	N / A	N / A	N / A
29	40	 David C. Bramlette Ill	 John Howell	N / A	N / A	N / A	N / A	N / A
30	40	 David C. Bramlette Ill	 Edwin ©. Ward. 	N / A	N / A	N / A	N / A	N / A
550	41	 David C. Keesier	 Dustin Taylor 	N / A	N / A	N / A	N / A	N / A
583	42	 David D. Dowd, Jr.	 Sharon K. Derivan	N / A	N / A	N / A	N / A	N / A
584	42	 David D. Dowd, Jr.	 Todd McKenney	N / A	N / A	N / A	N / A	N / A
348	43	 David E. Peebles	 The Honorable Howard G. Munson,	N / A	N / A	N / A	N / A	N / A
349	43	 David E. Peebles	 Melissa Losquadro 	N / A	N / A	N / A	N / A	N / A
488	44	 David G. Larimer	 The Honorable Joseph C. MeGartaghy (1969-1970)	N / A	N / A	N / A	N / A	N / A
296	45	 David G. Trager	 The Honorable Stanley H. Fuld (1969)	N / A	N / A	N / A	N / A	N / A
295	45	 David G. Trager	 The Honorable Kenneth B. Keating (1968-1969);	N / A	N / A	N / A	N / A	N / A
105	46	 David L. Piester	 Cheryl R. Zwart	N / A	N / A	N / A	N / A	N / A
331	47	 David N. Hurd	 Donna J. Case 	N / A	N / A	N / A	N / A	N / A
330	47	 David N. Hurd	 Brian LaClair.. 00.00	N / A	N / A	N / A	N / A	N / A
60	48	 David P.	 Bryan ©. Bacon 	N / A	N / A	N / A	N / A	N / A
347	49	 David R. Homer	 Adrienne A. Foederer	N / A	N / A	N / A	N / A	N / A
14	50	 David Winston	 Harold J. Barkley HH. 	N / A	N / A	N / A	N / A	N / A
358	51	 Deborah A. Batts	 The Honorable Lawrence W. Pierce, United States	N / A	N / A	N / A	N / A	N / A
359	51	 Deborah A. Batts	 Nakeeb Siddique	N / A	N / A	N / A	N / A	N / A
360	51	 Deborah A. Batts	 Tava Urs	N / A	N / A	N / A	N / A	N / A
361	51	 Deborah A. Batts	 Carine M. Williams 	N / A	N / A	N / A	N / A	N / A
462	52	 Debra Freeman	 Navin Pant 0.0.00. .0.0.0 0.000: cee eens (212) 805-4254	N / A	N / A	N / A	N / A	N / A
461	52	 Debra Freeman	 Jeremiah ladevaia	N / A	N / A	N / A	N / A	N / A
290	53	 Denis R. Hurley	 Debbie Lanin	N / A	N / A	N / A	N / A	N / A
289	53	 Denis R. Hurley	 Patricia Kelligrew	N / A	N / A	N / A	N / A	N / A
288	53	 Denis R. Hurley	 Michele Gapinski	N / A	N / A	N / A	N / A	N / A
372	54	 Denise Cote	 The Honorable Jack B. Weinstein, United States	N / A	N / A	N / A	N / A	N / A
2	55	 Dennis D. O’Brien	 Jessica Durben 	N / A	N / A	N / A	N / A	N / A
3	55	 Dennis D. O’Brien	 The Honorable Roger Traynor, California Supreme	N / A	N / A	N / A	N / A	N / A
4	55	 Dennis D. O’Brien	 Stephen J. Creasey	N / A	N / A	N / A	N / A	N / A
322	56	 Dennis E. Milton	 (Vacant) ..0 0	N / A	N / A	N / A	N / A	N / A
323	56	 Dennis E. Milton	 Jason C. Putter 2	N / A	N / A	N / A	N / A	N / A
156	57	 Dennis M. Cavanaugh	 The Honorable Francis W. Hayden, New Jersey	N / A	N / A	N / A	N / A	N / A
158	57	 Dennis M. Cavanaugh	 Anthony D. Foti	N / A	N / A	N / A	N / A	N / A
157	57	 Dennis M. Cavanaugh	 Lauren-B. Connell. 	N / A	N / A	N / A	N / A	N / A
178	58	 Dickinson R. Debevoise	 The Honorable Phillip Forman, United States	N / A	N / A	N / A	N / A	N / A
179	58	 Dickinson R. Debevoise	 James R. Fleming, Jn	N / A	N / A	N / A	N / A	N / A
180	58	 Dickinson R. Debevoise	 Alexandra C. Pitney 	N / A	N / A	N / A	N / A	N / A
84	59	 Donaid W. Molloy	 The Honorable James FE. Battin, United States	N / A	N / A	N / A	N / A	N / A
576	60	 Donald C. Nugent	 Jennifer Stainforth 	N / A	N / A	N / A	N / A	N / A
574	60	 Donald C. Nugent	 Amy Carey 	N / A	N / A	N / A	N / A	N / A
575	60	 Donald C. Nugent	 Halle Hara. 	N / A	N / A	N / A	N / A	N / A
214	61	 Donald H. Steckroth	 Anupama Yerramalli	N / A	N / A	N / A	N / A	N / A
215	61	 Donald H. Steckroth	 Margaret S. Hall	N / A	N / A	N / A	N / A	N / A
49	62	 Donald J. Stohr	 Michael Kuhn	N / A	N / A	N / A	N / A	N / A
50	62	 Donald J. Stohr	 Denise Woodside 	N / A	N / A	N / A	N / A	N / A
86	63	 Donald W. Molloy continyed	 Matthew W. Lunder	N / A	N / A	N / A	N / A	N / A
85	63	 Donald W. Molloy continyed	 Michelle Bennett,	N / A	N / A	N / A	N / A	N / A
269	64	 Dora L. Irizarry	 Jesse Strauss. 	N / A	N / A	N / A	N / A	N / A
268	64	 Dora L. Irizarry	 Kristin McNamara	N / A	N / A	N / A	N / A	N / A
267	64	 Dora L. Irizarry	 Emily Kim	N / A	N / A	N / A	N / A	N / A
453	65	 Douglas F Eaton	 The Honorable Lloyd F MacMahon (1966-1967) .	N / A	N / A	N / A	N / A	N / A
312	66	 E. Thomas Boyle	 Deanna Hall	N / A	N / A	N / A	N / A	N / A
620	67	 Edmund A. Sargus, Jr.	 Allison L. Ehlert	N / A	N / A	N / A	N / A	N / A
619	67	 Edmund A. Sargus, Jr.	 Soren Andahl	N / A	N / A	N / A	N / A	N / A
617	67	 Edmund A. Sargus, Jr.	 Lisa Macias	N / A	N / A	N / A	N / A	N / A
621	67	 Edmund A. Sargus, Jr.	 Taj Wilson	N / A	N / A	N / A	N / A	N / A
618	67	 Edmund A. Sargus, Jr.	 Elizabeth Preston 	N / A	N / A	N / A	N / A	N / A
35	68	 Edward	 The Honorable J. P Coleman, United States Court of	N / A	N / A	N / A	N / A	N / A
36	68	 Edward	 Maureen €. Burke 	N / A	N / A	N / A	N / A	N / A
120	69	 Edward C. Reed, Jr.	 Christopher Pallanch	N / A	N / A	N / A	N / A	N / A
119	69	 Edward C. Reed, Jr.	 Verne Ball	N / A	N / A	N / A	N / A	N / A
37	70	 Edward R. Gaines	 Carole Evans 	N / A	N / A	N / A	N / A	N / A
260	71	 Edward R. Korman	 Samantha V. Ettari	N / A	N / A	N / A	N / A	N / A
259	71	 Edward R. Korman	 The Honorable Kenneth B. Keating, New York Court.	N / A	N / A	N / A	N / A	N / A
324	72	 Elizabeth S.	, United States District Court for the District of	N / A	N / A	N / A	N / A	N / A
325	72	 Elizabeth S.	 David Sclar	N / A	N / A	N / A	N / A	N / A
326	72	 Elizabeth S.	 Lois Dix	N / A	N / A	N / A	N / A	N / A
270	73	 Eric Nicholas Vitaliano	, [istrict Judge Mark A. Costantino, United States	N / A	N / A	N / A	N / A	N / A
13	74	 Eugene M. Bogen	 Leneatra “Necee” Brownlee	N / A	N / A	N / A	N / A	N / A
152	75	 Faith S. Hochberg	 The Honorable Spottswood W. Robinson HI, United	N / A	N / A	N / A	N / A	N / A
458	76	 Frank Maas	 The Honorable Henry F. Werker, United States	N / A	N / A	N / A	N / A	N / A
459	76	 Frank Maas	 Evan Hudson-Plush	N / A	N / A	N / A	N / A	N / A
460	76	 Frank Maas	 Amelia Martella	N / A	N / A	N / A	N / A	N / A
170	77	 Freda L. Wolfson	, Judge Lawrence M. Lawson, Superior Court of New	N / A	N / A	N / A	N / A	N / A
171	77	 Freda L. Wolfson	 Sheea 7. Sybblis	N / A	N / A	N / A	N / A	N / A
172	77	 Freda L. Wolfson	 Frances C. Bajada	N / A	N / A	N / A	N / A	N / A
294	78	 Frederic Block	 (Vaeant)	N / A	N / A	N / A	N / A	N / A
293	78	 Frederic Block	 Jonathan Chang	N / A	N / A	N / A	N / A	N / A
292	78	 Frederic Block	 Charles Tyler Cone .. 2.2.2.0. ..0.. 0050s (718) 613-2423	N / A	N / A	N / A	N / A	N / A
291	78	 Frederic Block	, New York Supreme Court, Appellate Division,	N / A	N / A	N / A	N / A	N / A
340	79	 Frederick J. Scuttin, Jr.	 Aaron F Miner	N / A	N / A	N / A	N / A	N / A
341	79	 Frederick J. Scuttin, Jr.	 (Vacant) ,.0 0000000000 cee (315) 234-8565	N / A	N / A	N / A	N / A	N / A
342	79	 Frederick J. Scuttin, Jr.	 Debbie Moore 	N / A	N / A	N / A	N / A	N / A
344	79	 Frederick J. Scuttin, Jr.	 Sara Koster. 	N / A	N / A	N / A	N / A	N / A
343	79	 Frederick J. Scuttin, Jr.	 Lisa Coultier	N / A	N / A	N / A	N / A	N / A
465	80	 Gabriel W. Gorenstein	 Peter Wilhelm 	N / A	N / A	N / A	N / A	N / A
463	80	 Gabriel W. Gorenstein	 The Honorable Spotswood W. Robinson IE, United	N / A	N / A	N / A	N / A	N / A
464	80	 Gabriel W. Gorenstein	 Joshua Andrix,	N / A	N / A	N / A	N / A	N / A
334	81	 Gary L. Sharpe	 Cela Delgado Webster 	N / A	N / A	N / A	N / A	N / A
332	81	 Gary L. Sharpe	 David Blabey, Jn	N / A	N / A	N / A	N / A	N / A
333	81	 Gary L. Sharpe	 Ben Friedman	N / A	N / A	N / A	N / A	N / A
395	82	 George B. Daniels	 Fran Sternbach	N / A	N / A	N / A	N / A	N / A
352	83	 George H. Lowe	 Michael G. Langan 	N / A	N / A	N / A	N / A	N / A
593	84	 George J. Limbert	 Trant Echard 0	N / A	N / A	N / A	N / A	N / A
594	84	 George J. Limbert	 Susan A. Burns 	N / A	N / A	N / A	N / A	N / A
551	85	 George R.	 Laura Beyer 	N / A	N / A	N / A	N / A	N / A
400	86	 Gerard E. Lynch	 Sarah Bender-Nash	N / A	N / A	N / A	N / A	N / A
401	86	 Gerard E. Lynch	 Sean Young 	N / A	N / A	N / A	N / A	N / A
398	86	 Gerard E. Lynch	 Josh Kaplan	N / A	N / A	N / A	N / A	N / A
397	86	 Gerard E. Lynch	 The Honorable	N / A	N / A	N / A	N / A	N / A
396	86	 Gerard E. Lynch	, Judge Wilfred Feinberg, United States Court of	N / A	N / A	N / A	N / A	N / A
399	86	 Gerard E. Lynch	 The Honorable Constance Baker Motley, United	N / A	N / A	N / A	N / A	N / A
8	87	 Glen H. Davidson	 Michael Hudsoen,	N / A	N / A	N / A	N / A	N / A
212	88	 Gloria M. Burns	 Craig Kaufman	N / A	N / A	N / A	N / A	N / A
131	89	 Gregg W. Zive	 Molly Anderson	N / A	N / A	N / A	N / A	N / A
0	90	 Gregory F	 Jeffrey D. Smith	N / A	N / A	N / A	N / A	N / A
622	91	 Gregory L. Frost	 Penny L. Barick	N / A	N / A	N / A	N / A	N / A
623	91	 Gregory L. Frost	 Shawn K. Judge 	N / A	N / A	N / A	N / A	N / A
346	92	 Gustave J. Di Bianco	 Giota A. Gensini	N / A	N / A	N / A	N / A	N / A
345	92	 Gustave J. Di Bianco	 Jessica L. Indingaro	N / A	N / A	N / A	N / A	N / A
26	93	 Halil Suleyman Ozerden	 Terri S. Brown 2.2.2. 	N / A	N / A	N / A	N / A	N / A
25	93	 Halil Suleyman Ozerden	 Emily Newman	N / A	N / A	N / A	N / A	N / A
24	93	 Halil Suleyman Ozerden	 Yvonne McCabe	N / A	N / A	N / A	N / A	N / A
23	93	 Halil Suleyman Ozerden	, District Iudge Eldon E. Fallon, United States	N / A	N / A	N / A	N / A	N / A
181	94	 Harold A. Ackerman	 Austin M. Berry	N / A	N / A	N / A	N / A	N / A
182	94	 Harold A. Ackerman	 Robert S. Tanenbaum	N / A	N / A	N / A	N / A	N / A
183	94	 Harold A. Ackerman	 Jeffrey S. Pollak	N / A	N / A	N / A	N / A	N / A
437	95	 Harold Baer, Jr.	 Jonathan Hanna	N / A	N / A	N / A	N / A	N / A
436	95	 Harold Baer, Jr.	 Jasmine Elwick 	N / A	N / A	N / A	N / A	N / A
454	96	 Henry B. Pitman	 The Honorable Lloyd EK McMahon, United States	N / A	N / A	N / A	N / A	N / A
455	96	 Henry B. Pitman	 Sanja Zgonjanin 	N / A	N / A	N / A	N / A	N / A
456	96	 Henry B. Pitman	 Laurie DiChiara	N / A	N / A	N / A	N / A	N / A
457	96	 Henry B. Pitman	 Nathan Zezula	N / A	N / A	N / A	N / A	N / A
15	97	 Henry T. Wingate	 Gerald Mumford 	N / A	N / A	N / A	N / A	N / A
16	97	 Henry T. Wingate	 Carlos Tanner. 	N / A	N / A	N / A	N / A	N / A
335	98	 Howard G. Munson	 John J. Curran. 	N / A	N / A	N / A	N / A	N / A
495	99	 Hugh B. Scott	 David R. Hayes	N / A	N / A	N / A	N / A	N / A
494	99	 Hugh B. Scott	 James Amone	N / A	N / A	N / A	N / A	N / A
497	99	 Hugh B. Scott	 Karen E. Richardson 	N / A	N / A	N / A	N / A	N / A
496	99	 Hugh B. Scott	 The Honorable Michae] A. Telesca, United States	N / A	N / A	N / A	N / A	N / A
279	100	 I. Leo Glasser	 James RA. Dillon	N / A	N / A	N / A	N / A	N / A
553	101	 J. Craig Whitley	 Teadra G. Pugh 	N / A	N / A	N / A	N / A	N / A
552	101	 J. Craig Whitley	 The Honorable Marvin R. Wooten, United States	N / A	N / A	N / A	N / A	N / A
276	102	 Jack B. Weinstein	 Zainab Ahmad ,	N / A	N / A	N / A	N / A	N / A
277	102	 Jack B. Weinstein	 Anya Emerson	N / A	N / A	N / A	N / A	N / A
278	102	 Jack B. Weinstein	 Muhammad Faridi	N / A	N / A	N / A	N / A	N / A
275	102	 Jack B. Weinstein	 The Honorable Staniey H. Fuld, New York Court of	N / A	N / A	N / A	N / A	N / A
92	103	 Jack D. Shanstrom	 Thomas McKay	N / A	N / A	N / A	N / A	N / A
227	104	 James 0. Browning	 Nikko Harada	N / A	N / A	N / A	N / A	N / A
225	104	 James 0. Browning	, Circuit Judge Collins J. Seitz, United States Court of:	N / A	N / A	N / A	N / A	N / A
226	104	 James 0. Browning	 Lewis F. Powell, Jr,	N / A	N / A	N / A	N / A	N / A
228	104	 James 0. Browning	 Tiffany Roach. 	N / A	N / A	N / A	N / A	N / A
515	105	 James A. Beaty, Jr. oF	 Stacey Wiggins 	N / A	N / A	N / A	N / A	N / A
514	105	 James A. Beaty, Jr. oF	 Kimberly Swank .,	N / A	N / A	N / A	N / A	N / A
234	106	 James A. Parker	 Christina Baca 00.00	N / A	N / A	N / A	N / A	N / A
233	106	 James A. Parker	 Matthew Ahn. 	N / A	N / A	N / A	N / A	N / A
73	107	 James C.	 Stephen King	N / A	N / A	N / A	N / A	N / A
74	107	 James C.	 Dianne LUKE: ciscon cece evs ea merry gg ee {601} 965-4292 =.	N / A	N / A	N / A	N / A	N / A
72	107	 James C.	 Scherry Joffe 	N / A	N / A	N / A	N / A	N / A
445	108	 James C. Francis fV	 Ann Laie	N / A	N / A	N / A	N / A	N / A
444	108	 James C. Francis fV	 The Honorable Robert L. Carter, United States	N / A	N / A	N / A	N / A	N / A
112	109	 James C. Mahan	, Lee & Beasey, Ltd.; Attorney, John Peter Lee,	N / A	N / A	N / A	N / A	N / A
113	109	 James C. Mahan	 Laura Bielinski	N / A	N / A	N / A	N / A	N / A
114	109	 James C. Mahan	 Antheny Diraimando _	N / A	N / A	N / A	N / A	N / A
32	110	 James C. Sumner	 Scherry Joffe 	N / A	N / A	N / A	N / A	N / A
33	110	 James C. Sumner	 Stephen King	N / A	N / A	N / A	N / A	N / A
34	110	 James C. Sumner	 Dianne LUKE: ciscon cece evs ea merry gg ee {601} 965-4292 =.	N / A	N / A	N / A	N / A	N / A
512	111	 James Carroll Fox	 The Honorable Don Gilliam, United States District	N / A	N / A	N / A	N / A	N / A
513	112	 James E. Gates Polt ’	 Elizabeth mp (910) 815-4738 310 New Bern Avenue, Raleigh, NC 27601 ‘academic: Instructor, Campbell University School of Law (1980-1982) TREE BER ‘Waevinnmidistouns Boy c	N / A	N / A	N / A	N / A	N / A
568	113	 James Gray Carr	 The Honorable Nathaniel Jones, United States Court	N / A	N / A	N / A	N / A	N / A
565	113	 James Gray Carr	 Joshua Kobrin	N / A	N / A	N / A	N / A	N / A
570	113	 James Gray Carr	 Peter Hilbert .. 0. 	N / A	N / A	N / A	N / A	N / A
567	113	 James Gray Carr	 The Honorable William H. Hastie, United	N / A	N / A	N / A	N / A	N / A
566	113	 James Gray Carr	 Natalie Walker 	N / A	N / A	N / A	N / A	N / A
569	113	 James Gray Carr	 Nate MeDonald	N / A	N / A	N / A	N / A	N / A
480	114	 James M. Peck	 Andrew Gottesman .,	N / A	N / A	N / A	N / A	N / A
479	114	 James M. Peck	 (Vaeant). 0.0	N / A	N / A	N / A	N / A	N / A
142	115	 James R. Muirhead	 Julie Connolly 	N / A	N / A	N / A	N / A	N / A
255	116	 James S. Starzynski	 James E. Burke 	N / A	N / A	N / A	N / A	N / A
38	117	 Jean C. Hamilton	 John Doroghazi,	N / A	N / A	N / A	N / A	N / A
380	118	 Jed S. Rakoff	 The Honorable Abraham Freedman, United States	N / A	N / A	N / A	N / A	N / A
381	118	 Jed S. Rakoff	 Rachel Wainer Apter	N / A	N / A	N / A	N / A	N / A
382	118	 Jed S. Rakoff	 Gabriella Geanvieas 	N / A	N / A	N / A	N / A	N / A
383	118	 Jed S. Rakoff	 Danielle Tarantolo	N / A	N / A	N / A	N / A	N / A
95	119	 Jeremiah C. Lynch	, District Fudge Paul G. Hatfield, United States	N / A	N / A	N / A	N / A	N / A
96	119	 Jeremiah C. Lynch	 Tracey Baldwin	N / A	N / A	N / A	N / A	N / A
97	119	 Jeremiah C. Lynch	 Timothy C. Line	N / A	N / A	N / A	N / A	N / A
145	120	 Jerome B. Simandle	 The Honorable John F. Gerry, United States District	N / A	N / A	N / A	N / A	N / A
147	120	 Jerome B. Simandle	 Lisa Kutlin, 0000.0	N / A	N / A	N / A	N / A	N / A
146	120	 Jerome B. Simandle	 Andrew DB. Beck	N / A	N / A	N / A	N / A	N / A
10	121	 Jerry A. Davis	 The Honorable William C. Keady, United States	N / A	N / A	N / A	N / A	N / A
11	121	 Jerry A. Davis	 Liza M. Frugé.. 2.00.00 ee eee (662) 234-3114	N / A	N / A	N / A	N / A	N / A
9	121	 Jerry A. Davis	 Beth Featherston,	N / A	N / A	N / A	N / A	N / A
12	121	 Jerry A. Davis	 Tiffany Kilpatrick	N / A	N / A	N / A	N / A	N / A
82	122	 Jerry W.	 Robert S. Baran. 	N / A	N / A	N / A	N / A	N / A
300	123	 Joan M. Azrack	 Christopher Forte 	N / A	N / A	N / A	N / A	N / A
301	123	 Joan M. Azrack	 The Honorable William M. Marutani, Pennsylvania	N / A	N / A	N / A	N / A	N / A
155	124	 Joel A. Pisano	 Jessica Biamonte	N / A	N / A	N / A	N / A	N / A
154	124	 Joel A. Pisano	 Ruth Sanah Lighati	N / A	N / A	N / A	N / A	N / A
153	124	 Joel A. Pisano	 Vanessa Chandis	N / A	N / A	N / A	N / A	N / A
427	125	 John E. Sprizzo	 (Vaeant) 00000000000 (212) 805-0230	N / A	N / A	N / A	N / A	N / A
374	126	 John G. Koelti	 Laurie Richardson 	N / A	N / A	N / A	N / A	N / A
375	126	 John G. Koelti	 Brian Wolfe	N / A	N / A	N / A	N / A	N / A
373	126	 John G. Koelti	 The Honorabie Edward Weinfield, United States	N / A	N / A	N / A	N / A	N / A
263	127	 John Gleeson	 The Honorable Boyce F. Martin, United States Court	N / A	N / A	N / A	N / A	N / A
196	128	 John J. Hughes	 Michael lannucci	N / A	N / A	N / A	N / A	N / A
195	128	 John J. Hughes	, Law and Public Safety, New Jersey General	N / A	N / A	N / A	N / A	N / A
31	129	 John M. Roper,	, United States District Court for the Southern	N / A	N / A	N / A	N / A	N / A
582	130	 John R. Adams	, Judge W. F. Spicer, Summit County Court of	N / A	N / A	N / A	N / A	N / A
490	131	 John T. Curtin	 William C. Schoellkopf	N / A	N / A	N / A	N / A	N / A
491	132	 John T. Elfvin	 The Honorable £. Barrett Prettyman, United States	N / A	N / A	N / A	N / A	N / A
75	133	 John T. Maughmer	 The Honorable Elmo B. Hunter, United States	N / A	N / A	N / A	N / A	N / A
76	133	 John T. Maughmer	 Pam Alexander 	N / A	N / A	N / A	N / A	N / A
168	134	 Jose L. Linares	 Rebecea L. Rettig 	N / A	N / A	N / A	N / A	N / A
169	134	 Jose L. Linares	 Mariel Martinez 	N / A	N / A	N / A	N / A	N / A
167	134	 Jose L. Linares	 John A. O'Connell	N / A	N / A	N / A	N / A	N / A
140	135	 Joseph A. DiClerico, Jr.	 Laura L. Hall	N / A	N / A	N / A	N / A	N / A
139	135	 Joseph A. DiClerico, Jr.	, New Hampshire Supreme Court	N / A	N / A	N / A	N / A	N / A
138	135	 Joseph A. DiClerico, Jr.	 The Honorable Aloysius J. Connor, United States	N / A	N / A	N / A	N / A	N / A
141	135	 Joseph A. DiClerico, Jr.	 Timothy Hirsch 	N / A	N / A	N / A	N / A	N / A
148	136	 Joseph A. Greenaway, Jr.	 The Honorable Vincent L. Broderick, United States	N / A	N / A	N / A	N / A	N / A
187	137	 Joseph E. lrenas	 The Honorable Hayden Proctor, New Jersey	N / A	N / A	N / A	N / A	N / A
188	137	 Joseph E. lrenas	 Jessica R. Oset ..0. 00.00.00 cece cece eee (856) 757-5223	N / A	N / A	N / A	N / A	N / A
190	137	 Joseph E. lrenas	 Heather A. Stapleton	N / A	N / A	N / A	N / A	N / A
189	137	 Joseph E. lrenas	 Jonathan Pentzien	N / A	N / A	N / A	N / A	N / A
271	138	 Joseph F Bianco	, District Judge Peter K. Leisure, United States	N / A	N / A	N / A	N / A	N / A
186	139	 Joseph H. Rodriguez	 Thomas Amburgy	N / A	N / A	N / A	N / A	N / A
185	139	 Joseph H. Rodriguez	 Christopher N. Tomlin 	N / A	N / A	N / A	N / A	N / A
184	139	 Joseph H. Rodriguez	 Patricia A. Leqge	N / A	N / A	N / A	N / A	N / A
232	140	 Judith C. Herrera	 Benjamin Scotti	N / A	N / A	N / A	N / A	N / A
231	140	 Judith C. Herrera	 Stephanie Kane Demers 	N / A	N / A	N / A	N / A	N / A
230	140	 Judith C. Herrera	 Anne Morgan Lyman	N / A	N / A	N / A	N / A	N / A
206	141	 Judith H.	 The Honorable Michael Patrick King, New Jersey	N / A	N / A	N / A	N / A	N / A
207	141	 Judith H.	 Robert Cooper	N / A	N / A	N / A	N / A	N / A
245	142	 Karen Ballard Molzey	 Diddi Mastrullo 	N / A	N / A	N / A	N / A	N / A
563	143	 Karen K. Klein	 Naney J. Morris 	N / A	N / A	N / A	N / A	N / A
562	143	 Karen K. Klein	 Laurel R. Hanson	N / A	N / A	N / A	N / A	N / A
151	144	 Katharine S. Hayden	 Jason Watson	N / A	N / A	N / A	N / A	N / A
150	144	 Katharine S. Hayden	 Michael Fazio	N / A	N / A	N / A	N / A	N / A
149	144	 Katharine S. Hayden	 The Honorable Robert L. Clifford, New Jersey	N / A	N / A	N / A	N / A	N / A
211	145	 Kathryn C. Ferguson	 Christy McDonald	N / A	N / A	N / A	N / A	N / A
210	145	 Kathryn C. Ferguson	 The Honorable Judith H. Wizmur, United States	N / A	N / A	N / A	N / A	N / A
57	146	 Kathy A.	 Felicia Crawford-Randle	N / A	N / A	N / A	N / A	N / A
611	147	 Kay Woods	 Mary Jensen. 	N / A	N / A	N / A	N / A	N / A
612	147	 Kay Woods	 Mark Merims 	N / A	N / A	N / A	N / A	N / A
22	148	 Keith Starrett	 Elizabeth Q. Howell 	N / A	N / A	N / A	N / A	N / A
21	148	 Keith Starrett	 Paul Walters	N / A	N / A	N / A	N / A	N / A
20	148	 Keith Starrett	 Adam Sencenbaugh 	N / A	N / A	N / A	N / A	N / A
410	149	 Kenneth M. Karas	 Evik Paullsen	N / A	N / A	N / A	N / A	N / A
411	149	 Kenneth M. Karas	 Michael Shenkman	N / A	N / A	N / A	N / A	N / A
409	149	 Kenneth M. Karas	 Alice Ellis 0.2.00	N / A	N / A	N / A	N / A	N / A
109	150	 Kent J. Dawson	 The Honorable James Guinan, Washoe District Court	N / A	N / A	N / A	N / A	N / A
111	150	 Kent J. Dawson	 Bryce Jones 	N / A	N / A	N / A	N / A	N / A
110	150	 Kent J. Dawson	 Betsy Fowler 	N / A	N / A	N / A	N / A	N / A
430	151	 Kevin Thomas Duffy	 Meghan Silhan 	N / A	N / A	N / A	N / A	N / A
429	151	 Kevin Thomas Duffy	 Derek Dilberian 	N / A	N / A	N / A	N / A	N / A
428	151	 Kevin Thomas Duffy	 The Honorable J. Edward Lumbard, United States	N / A	N / A	N / A	N / A	N / A
357	152	 Kimba M. Wood	 Mare Silverman 	N / A	N / A	N / A	N / A	N / A
356	152	 Kimba M. Wood	 Alicia L. Bannon 	N / A	N / A	N / A	N / A	N / A
355	152	 Kimba M. Wood	 Alastair J. Agcaoili	N / A	N / A	N / A	N / A	N / A
28	153	 L. T. Senter, Jr.	 Jerry Read 	N / A	N / A	N / A	N / A	N / A
27	153	 L. T. Senter, Jr.	 Ronald S. Cochran 	N / A	N / A	N / A	N / A	N / A
125	154	 Lawrence R. Leavitt	 Maybeth Sundstrom	N / A	N / A	N / A	N / A	N / A
422	155	 Leonard B. Sand	, United States Department of Justice (1952-1953);	N / A	N / A	N / A	N / A	N / A
424	155	 Leonard B. Sand	 Katharine Zandu 	N / A	N / A	N / A	N / A	N / A
423	155	 Leonard B. Sand	 Andrew Brauer 	N / A	N / A	N / A	N / A	N / A
280	156	 Leonard D. Wexler	 Peter Ausili,,	N / A	N / A	N / A	N / A	N / A
281	156	 Leonard D. Wexler	 Anne Shields	N / A	N / A	N / A	N / A	N / A
587	157	 Lesley Wells	 Amy Ryder Wentz	N / A	N / A	N / A	N / A	N / A
241	158	 Leslie C. Smith	 Michelle N. Brooks 	N / A	N / A	N / A	N / A	N / A
242	158	 Leslie C. Smith	 Wesley Platt	N / A	N / A	N / A	N / A	N / A
366	159	 Lewis A. Kaplan	 The Honorable Edward McEntee, United States	N / A	N / A	N / A	N / A	N / A
367	159	 Lewis A. Kaplan	 Andrew Ditchfield	N / A	N / A	N / A	N / A	N / A
369	159	 Lewis A. Kaplan	 Lauren Handelsman 	N / A	N / A	N / A	N / A	N / A
368	159	 Lewis A. Kaplan	 The Honorable Henry F. Werker, United States	N / A	N / A	N / A	N / A	N / A
370	159	 Lewis A. Kaplan	 §. Chartey Quarcoo	N / A	N / A	N / A	N / A	N / A
371	159	 Lewis A. Kaplan	 Sarah A. Seo 2	N / A	N / A	N / A	N / A	N / A
132	160	 Linda B. Riegle	 Kristi Saylors 	N / A	N / A	N / A	N / A	N / A
124	161	 Lloyd D. George	 Ming Shui	N / A	N / A	N / A	N / A	N / A
122	161	 Lloyd D. George	 Garon Salway ..-	N / A	N / A	N / A	N / A	N / A
123	161	 Lloyd D. George	 Emily LG. Alstead 	N / A	N / A	N / A	N / A	N / A
121	161	 Lloyd D. George	 Troy Healey	N / A	N / A	N / A	N / A	N / A
319	162	 Lois Bloom	 (Vacant}	N / A	N / A	N / A	N / A	N / A
318	162	 Lois Bloom	 Carmela Huang 	N / A	N / A	N / A	N / A	N / A
320	162	 Lois Bloom	 Alwin Lin. 	N / A	N / A	N / A	N / A	N / A
240	163	 Lorenzo F Garcia	 Mary Woodward	N / A	N / A	N / A	N / A	N / A
239	163	 Lorenzo F Garcia	 Laura M. Goldsmith 	N / A	N / A	N / A	N / A	N / A
19	164	 Louis Guirola, Jr.	 Karla Whitsitt	N / A	N / A	N / A	N / A	N / A
17	164	 Louis Guirola, Jr.	 Rhonda Holman	N / A	N / A	N / A	N / A	N / A
18	164	 Louis Guirola, Jr.	 Brittany Reid 	N / A	N / A	N / A	N / A	N / A
434	165	 Louis L. Stanton	 Samson A. Enzer	N / A	N / A	N / A	N / A	N / A
435	165	 Louis L. Stanton	 Alissa Schecter	N / A	N / A	N / A	N / A	N / A
505	166	 Louise W. Flanagan	 The Honorable Malcolm J. Howard, United States	N / A	N / A	N / A	N / A	N / A
222	167	 M. Christina Armijo	 Arne Leonard 	N / A	N / A	N / A	N / A	N / A
221	167	 M. Christina Armijo	 Jane Bernstein	N / A	N / A	N / A	N / A	N / A
197	168	 Madeline Cox Arleo	 Jessica Stein Allen,	N / A	N / A	N / A	N / A	N / A
605	169	 Marilyn Shea-Stonum .	 Lisa Napoli	N / A	N / A	N / A	N / A	N / A
603	169	 Marilyn Shea-Stonum .	 Garel Stebbins	N / A	N / A	N / A	N / A	N / A
602	169	 Marilyn Shea-Stonum .	 The Honorable Frank J. Battisti (1975-1976)	N / A	N / A	N / A	N / A	N / A
606	169	 Marilyn Shea-Stonum .	 Julie Zurn 	N / A	N / A	N / A	N / A	N / A
604	169	 Marilyn Shea-Stonum .	 Cheryl Wear	N / A	N / A	N / A	N / A	N / A
252	170	 Mark B.	 Shannon Noya Naim	N / A	N / A	N / A	N / A	N / A
254	170	 Mark B.	 Ellen C. Smyder	N / A	N / A	N / A	N / A	N / A
251	170	 Mark B.	 The Honorable Oliver Seth, United States Court of	N / A	N / A	N / A	N / A	N / A
253	170	 Mark B.	 Patti G. Hennessy	N / A	N / A	N / A	N / A	N / A
450	171	 Mark D. Fox	 Sharad Khemeni	N / A	N / A	N / A	N / A	N / A
449	171	 Mark D. Fox	 Karen Jason	N / A	N / A	N / A	N / A	N / A
199	172	 Mark Falk	 Justin Conlon	N / A	N / A	N / A	N / A	N / A
198	172	 Mark Falk	, Assignment Judge The Honorable John C. Demos,	N / A	N / A	N / A	N / A	N / A
143	173	 Mark W. Vaughn.	 Jinjue Pak	N / A	N / A	N / A	N / A	N / A
144	173	 Mark W. Vaughn.	 Christopher M. Gosselin 	N / A	N / A	N / A	N / A	N / A
218	174	 Martha Vazquez	 Aimee Bevan 	N / A	N / A	N / A	N / A	N / A
483	175	 Martin Glenn	 Marissa Soto 	N / A	N / A	N / A	N / A	N / A
482	175	 Martin Glenn	 Michael Heinrichs 	N / A	N / A	N / A	N / A	N / A
481	175	 Martin Glenn	, Chief Judge Henry J. Friendly, United States Court	N / A	N / A	N / A	N / A	N / A
544	176	 Martin Karl Reidinger	 Lori Ritter 	N / A	N / A	N / A	N / A	N / A
545	176	 Martin Karl Reidinger	 Martha Williams 	N / A	N / A	N / A	N / A	N / A
547	176	 Martin Karl Reidinger	 Debbie Coble	N / A	N / A	N / A	N / A	N / A
546	176	 Martin Karl Reidinger	 Lily Farel	N / A	N / A	N / A	N / A	N / A
607	177	 Mary Ann	 Abby Mendillo,.,	N / A	N / A	N / A	N / A	N / A
55	178	 Mary Ann L. Medier	 Abby Mendillo,.,	N / A	N / A	N / A	N / A	N / A
216	179	 Michael 8. Kaplan	 Sean Quigley	N / A	N / A	N / A	N / A	N / A
217	179	 Michael 8. Kaplan		N / A	N / A	N / A	N / A	N / A
492	180	 Michael A. Telesca	 Bryce Baird. 	N / A	N / A	N / A	N / A	N / A
493	180	 Michael A. Telesca	 Maria Herrero-Jaarsma	N / A	N / A	N / A	N / A	N / A
442	181	 Michael H. Dolinger	 Rebecca B. Fisher 	N / A	N / A	N / A	N / A	N / A
443	181	 Michael H. Dolinger	 Hana R. Friedman 	N / A	N / A	N / A	N / A	N / A
441	181	 Michael H. Dolinger	 The Honorable Wilfred Feinberg, United States	N / A	N / A	N / A	N / A	N / A
504	182	 Michael J. Kaplan	 Rebert Spampata, Jr	N / A	N / A	N / A	N / A	N / A
6	183	 Michael P. Mills	 Robert M. Weems	N / A	N / A	N / A	N / A	N / A
5	183	 Michael P. Mills	 Lynn Parker	N / A	N / A	N / A	N / A	N / A
134	184	 Mike K. Nakagawa	, Chief Judge Philip Wilkins, United States District	N / A	N / A	N / A	N / A	N / A
521	185	 N. Carlton Tilley, Jr.	 The Honorable Eugene Gordon, United States	N / A	N / A	N / A	N / A	N / A
522	185	 N. Carlton Tilley, Jr.	 Susan C. Miller 	N / A	N / A	N / A	N / A	N / A
523	185	 N. Carlton Tilley, Jr.	 Heather H. Wright	N / A	N / A	N / A	N / A	N / A
64	186	 Nanette Kay Laughrey Chambers of Senior 	 Christine Blegen 	N / A	N / A	N / A	N / A	N / A
63	186	 Nanette Kay Laughrey Chambers of Senior 	 Brigette Mitchell	N / A	N / A	N / A	N / A	N / A
391	187	 Naomi Reice Buchwald	 Geoffrey R. Chepiga	N / A	N / A	N / A	N / A	N / A
7	188	 Neal B. Biggers	 L. Lee Waddle 	N / A	N / A	N / A	N / A	N / A
336	189	 Neal P- McCurn	 Linda L. Hlingworth	N / A	N / A	N / A	N / A	N / A
337	189	 Neal P- McCurn	 Catherine A. Shamlian	N / A	N / A	N / A	N / A	N / A
266	190	 Nicholas G. Garaufis	 Todd Parker	N / A	N / A	N / A	N / A	N / A
265	190	 Nicholas G. Garaufis	 Duncan Levin 	N / A	N / A	N / A	N / A	N / A
264	190	 Nicholas G. Garaufis	 Daniel Backenroth,	N / A	N / A	N / A	N / A	N / A
272	191	 Nina Gershon	 Amy Garzon	N / A	N / A	N / A	N / A	N / A
273	191	 Nina Gershon	 Melissa O’Neil	N / A	N / A	N / A	N / A	N / A
274	191	 Nina Gershon	 Matthew Porpora 	N / A	N / A	N / A	N / A	N / A
174	192	 Noel Lawrence Hillman	, District Judge Maryanne Trump Barry, United	N / A	N / A	N / A	N / A	N / A
329	193	 Norman A. Mordue	 Annelle McCullough	N / A	N / A	N / A	N / A	N / A
327	193	 Norman A. Mordue	 Karen Guyder Felter	N / A	N / A	N / A	N / A	N / A
328	193	 Norman A. Mordue	 Stephanie Craig Reagan 	N / A	N / A	N / A	N / A	N / A
209	194	 Novalyn L. Winfield	 Leaor Schwartz 	N / A	N / A	N / A	N / A	N / A
61	195	 Ortrie D. Smith	 Lindsey N. Todd	N / A	N / A	N / A	N / A	N / A
62	195	 Ortrie D. Smith	 Steven I. Wolfe 	N / A	N / A	N / A	N / A	N / A
405	196	 P. Kevin Castel	 Julie A. Allsman 	N / A	N / A	N / A	N / A	N / A
404	196	 P. Kevin Castel	 Kevin Thamas Duffy, United States District Court	N / A	N / A	N / A	N / A	N / A
406	196	 P. Kevin Castel	 Mason C. Simpson 	N / A	N / A	N / A	N / A	N / A
529	197	 P. Trevor Sharp	 Vail Gardner	N / A	N / A	N / A	N / A	N / A
533	197	 P. Trevor Sharp	 Patricia Jordan	N / A	N / A	N / A	N / A	N / A
532	197	 P. Trevor Sharp	 Emily Eisele 	N / A	N / A	N / A	N / A	N / A
530	197	 P. Trevor Sharp	 Laurie D. Clark	N / A	N / A	N / A	N / A	N / A
531	197	 P. Trevor Sharp	 Shiryl Ballard 	N / A	N / A	N / A	N / A	N / A
600	198	 Pat E.	 The Honorable Jack Grant Day, Court of Appeals of	N / A	N / A	N / A	N / A	N / A
601	198	 Pat E.	 Mara Doganiero	N / A	N / A	N / A	N / A	N / A
578	199	 Patricia A. Gaughan	 Sarah E. Nintcheff	N / A	N / A	N / A	N / A	N / A
577	199	 Patricia A. Gaughan	 Joanne D’Emilia 	N / A	N / A	N / A	N / A	N / A
579	199	 Patricia A. Gaughan	 Ashley Weaver	N / A	N / A	N / A	N / A	N / A
588	200	 Patricia A. Hemann	 The Honorable William K. Thomas, United States	N / A	N / A	N / A	N / A	N / A
589	200	 Patricia A. Hemann	 James Walsh 	N / A	N / A	N / A	N / A	N / A
560	201	 Patrick A. Conmy	 (Vacant)	N / A	N / A	N / A	N / A	N / A
561	201	 Patrick A. Conmy	 Mark Mattern. 	N / A	N / A	N / A	N / A	N / A
203	202	 Patty Shwartz	 Aymen Aboushi	N / A	N / A	N / A	N / A	N / A
202	202	 Patty Shwartz	 The Honorable Harold A. Ackerman, United States -	N / A	N / A	N / A	N / A	N / A
412	203	 Paul A. Crotty	 David W. Feder 	N / A	N / A	N / A	N / A	N / A
413	203	 Paul A. Crotty	 Michaela R. H. McMurrough	N / A	N / A	N / A	N / A	N / A
137	204	 Paul James Barbadoro	 Katherine Weiss. 	N / A	N / A	N / A	N / A	N / A
136	204	 Paul James Barbadoro	 Carf Takei	N / A	N / A	N / A	N / A	N / A
130	205	 Peggy A. Leen	 Adam Cole. 	N / A	N / A	N / A	N / A	N / A
571	206	 Peter C. Economus	 Peter Daly. 	N / A	N / A	N / A	N / A	N / A
573	206	 Peter C. Economus	 Elizabeth Young	N / A	N / A	N / A	N / A	N / A
572	206	 Peter C. Economus	 Brent Ryan 	N / A	N / A	N / A	N / A	N / A
175	207	 Peter G. Sheridan	, Judge James J. Petrella, Superior Court of New	N / A	N / A	N / A	N / A	N / A
176	207	 Peter G. Sheridan	 Seott Sholder	N / A	N / A	N / A	N / A	N / A
177	207	 Peter G. Sheridan	 Faith Tabafunda	N / A	N / A	N / A	N / A	N / A
433	208	 Peter K. Leisure	 Erica Rosenthal	N / A	N / A	N / A	N / A	N / A
108	209	 Philip M. Pro	 Kava Rickey. 	N / A	N / A	N / A	N / A	N / A
107	209	 Philip M. Pro	 Brian Reeve 	N / A	N / A	N / A	N / A	N / A
106	209	 Philip M. Pro	 The Honorable William Compton, Nevada District	N / A	N / A	N / A	N / A	N / A
469	210	 Prudence Carter	 Susan D. Golden	N / A	N / A	N / A	N / A	N / A
468	210	 Prudence Carter	 Katina Brountzas 	N / A	N / A	N / A	N / A	N / A
99	211	 Ralph B. Kirscher	 Terry Healow 	N / A	N / A	N / A	N / A	N / A
98	211	 Ralph B. Kirscher	 Kelli Harrington	N / A	N / A	N / A	N / A	N / A
598	212	 Randolph	 Benjamin W. HiH,	N / A	N / A	N / A	N / A	N / A
599	212	 Randolph	 Robyn L. Hoffman	N / A	N / A	N / A	N / A	N / A
351	213	 Randolph F Treece	 Robyn L. Hoffman	N / A	N / A	N / A	N / A	N / A
350	213	 Randolph F Treece	 Benjamin W. HiH,	N / A	N / A	N / A	N / A	N / A
518	214	 Randy Davis . Government: Clerk of the Court, United States District Court for the	 Jol Peake	N / A	N / A	N / A	N / A	N / A
517	214	 Randy Davis . Government: Clerk of the Court, United States District Court for the	 Courtney Perez . «2	N / A	N / A	N / A	N / A	N / A
519	214	 Randy Davis . Government: Clerk of the Court, United States District Court for the	 Tanisha WUE itses: eee 9 5 2s 2 5 suey oo ew (919) 645-1760 	N / A	N / A	N / A	N / A	N / A
520	214	 Randy Davis . Government: Clerk of the Court, United States District Court for the	 Biya Hedrick. 	N / A	N / A	N / A	N / A	N / A
258	215	 Raymond J. Dearie	 Linda Mischel-Eisner	N / A	N / A	N / A	N / A	N / A
256	215	 Raymond J. Dearie	 Thomas Leith, 	N / A	N / A	N / A	N / A	N / A
257	215	 Raymond J. Dearie	 Jason Pielemeier	N / A	N / A	N / A	N / A	N / A
213	216	 Raymond T. Lyons	 Tara Mondelli	N / A	N / A	N / A	N / A	N / A
173	217	 Renée Marie Bumb	, Fudge Garrett E. Brown, Jr., United States District	N / A	N / A	N / A	N / A	N / A
65	218	 Richard E. Dory	 The Honorable Albert A. Ridge, United States	N / A	N / A	N / A	N / A	N / A
71	218	 Richard E. Dory	 Jeff Winkler 	N / A	N / A	N / A	N / A	N / A
70	218	 Richard E. Dory	 Deborah Goldfarb .,	N / A	N / A	N / A	N / A	N / A
69	218	 Richard E. Dory	 Karen H. Graves	N / A	N / A	N / A	N / A	N / A
68	218	 Richard E. Dory	 Sarah Glasebrook cee eee ee eee eee (816) 512-5715	N / A	N / A	N / A	N / A	N / A
67	218	 Richard E. Dory	 Kevin Rapp	N / A	N / A	N / A	N / A	N / A
66	218	 Richard E. Dory	 ‘SPH BURGS	N / A	N / A	N / A	N / A	N / A
88	219	 Richard F Cebull	 Ryan Heuwinkle 	N / A	N / A	N / A	N / A	N / A
87	219	 Richard F Cebull	 Ashley Harada	N / A	N / A	N / A	N / A	N / A
100	220	 Richard G. Kopf	 The Honorable Donald R. Ross, United States Court	N / A	N / A	N / A	N / A	N / A
101	220	 Richard G. Kopf	 Lisa D. DeBuse	N / A	N / A	N / A	N / A	N / A
103	220	 Richard G. Kopf	 Janine E. Rempe	N / A	N / A	N / A	N / A	N / A
102	220	 Richard G. Kopf	 James A. Eske	N / A	N / A	N / A	N / A	N / A
408	221	 Richard J. Holwell	 M. Mitchell Oates 	N / A	N / A	N / A	N / A	N / A
407	221	 Richard J. Holwell	 Christopher J. Deal. 	N / A	N / A	N / A	N / A	N / A
414	222	 Richard J. Sullivan	, Circuit Judge David M. Ebel, United States Court of	N / A	N / A	N / A	N / A	N / A
244	223	 Richard L. Puglisi	 Margo MeCormick	N / A	N / A	N / A	N / A	N / A
243	223	 Richard L. Puglisi	 Jill Burtram 	N / A	N / A	N / A	N / A	N / A
543	224	 Richard Lesley Voorhees	 Joseph Folio Hl	N / A	N / A	N / A	N / A	N / A
387	225	 Richard M. Berman	 Andrew Brettler	N / A	N / A	N / A	N / A	N / A
304	226	 Roanne L. Mann	, United States Court of Appeals for the District of	N / A	N / A	N / A	N / A	N / A
305	226	 Roanne L. Mann	 Nathaniel Kunkle..,	N / A	N / A	N / A	N / A	N / A
306	226	 Roanne L. Mann	 Jennifer Williams	N / A	N / A	N / A	N / A	N / A
127	227	 Robert A. McQuaid, Jr.	 Emily Wada	N / A	N / A	N / A	N / A	N / A
166	228	 Robert B. Kugler	 The Honorable Joha F. Gerry, United States District	N / A	N / A	N / A	N / A	N / A
118	229	 Robert C, Jones	 Erika Orcutt 	N / A	N / A	N / A	N / A	N / A
117	229	 Robert C, Jones	 Matthew Rojas 	N / A	N / A	N / A	N / A	N / A
116	229	 Robert C, Jones	 Joshua Benson 	N / A	N / A	N / A	N / A	N / A
115	229	 Robert C, Jones	 The Honorable 7. Clifford Wallace, United States	N / A	N / A	N / A	N / A	N / A
229	230	 Robert C. Brack	 Andrea W. Hattan	N / A	N / A	N / A	N / A	N / A
478	231	 Robert D. Drain	 Karen Goldstein	N / A	N / A	N / A	N / A	N / A
477	231	 Robert D. Drain	 Sunny Singh 	N / A	N / A	N / A	N / A	N / A
473	232	 Robert E. Gerber	 Jacob Adlerstein	N / A	N / A	N / A	N / A	N / A
474	232	 Robert E. Gerber	 Dana Yankowit2 	N / A	N / A	N / A	N / A	N / A
78	233	 Robert E. Larsen	 Rebecea Sourk.. 0.0.0	N / A	N / A	N / A	N / A	N / A
77	233	 Robert E. Larsen	 Carol Marulla	N / A	N / A	N / A	N / A	N / A
354	234	 Robert E. Littlefield,	 Cynthia A. Platt	N / A	N / A	N / A	N / A	N / A
542	235	 Robert J. Conrad, Jr.	 TJ Hayeox,	N / A	N / A	N / A	N / A	N / A
541	235	 Robert J. Conrad, Jr.	 Chris Dobranshi	N / A	N / A	N / A	N / A	N / A
540	235	 Robert J. Conrad, Jr.	, Michie, Hamlett, Donato & Lowry (1981-1983);	N / A	N / A	N / A	N / A	N / A
1	236	 Robert J. Kressel	 Sara E. Bruggeman	N / A	N / A	N / A	N / A	N / A
126	237	 Robert Jake Johnston	 The Honorable Merlyn Hoyt, Nevada District Gout	N / A	N / A	N / A	N / A	N / A
416	238	 Robert L. Carter	 Nicholas Wimbust	N / A	N / A	N / A	N / A	N / A
415	238	 Robert L. Carter	 India Geronimo 	N / A	N / A	N / A	N / A	N / A
307	239	 Robert M. Levy	 Molly Kovel	N / A	N / A	N / A	N / A	N / A
308	239	 Robert M. Levy	 Leslie Rubin	N / A	N / A	N / A	N / A	N / A
425	240	 Robert P Patterson, Jit	 Deana Kim Ei-Mallawany	N / A	N / A	N / A	N / A	N / A
426	240	 Robert P Patterson, Jit	 Jalina Joy Hudson	N / A	N / A	N / A	N / A	N / A
420	241	 Robert W. Sweet	 Jamie Ginott 0000000000 ccc ccc eee ees (212) 805-0254	N / A	N / A	N / A	N / A	N / A
421	241	 Robert W. Sweet	 Adam Watkins 	N / A	N / A	N / A	N / A	N / A
44	242	 Rodney W. Sippel	 Antonia Badway 	N / A	N / A	N / A	N / A	N / A
45	242	 Rodney W. Sippel	 Christopher Keefe. 	N / A	N / A	N / A	N / A	N / A
46	242	 Rodney W. Sippel	 Jeanette D. Valentine	N / A	N / A	N / A	N / A	N / A
452	243	 Ronald L. Ellis	 Brook Kelly,	N / A	N / A	N / A	N / A	N / A
451	243	 Ronald L. Ellis	 Raymond Audain	N / A	N / A	N / A	N / A	N / A
208	244	 Rosemary	 Nieole Leonard	N / A	N / A	N / A	N / A	N / A
609	245	 Russ Kendig	 John Hickey 	N / A	N / A	N / A	N / A	N / A
608	245	 Russ Kendig	 Annette M. Durben	N / A	N / A	N / A	N / A	N / A
527	246	 Russell A. Eliason	 The Honorable Hiram H. Ward, United States	N / A	N / A	N / A	N / A	N / A
526	246	 Russell A. Eliason	, United States Court of Appeals for the Eighth	N / A	N / A	N / A	N / A	N / A
528	246	 Russell A. Eliason	 Allison L. Bennett 	N / A	N / A	N / A	N / A	N / A
89	247	 Sam E. Haddon	 The Honorable William J. Jameson, United States	N / A	N / A	N / A	N / A	N / A
91	247	 Sam E. Haddon	 William K. Hammer	N / A	N / A	N / A	N / A	N / A
90	247	 Sam E. Haddon	 Kris Goss	N / A	N / A	N / A	N / A	N / A
615	248	 Sandra 8. Beckwith	 Patrick F Smith 	N / A	N / A	N / A	N / A	N / A
613	248	 Sandra 8. Beckwith	 Laura R. Ahern	N / A	N / A	N / A	N / A	N / A
614	248	 Sandra 8. Beckwith	 Laurie Nicholson	N / A	N / A	N / A	N / A	N / A
81	249	 Sarah Hays	 Jennifer H. MeCoy	N / A	N / A	N / A	N / A	N / A
79	249	 Sarah Hays	 The Honorable Russell G. Clark (1977-1980)	N / A	N / A	N / A	N / A	N / A
80	249	 Sarah Hays	 Suzanne L. Bliss	N / A	N / A	N / A	N / A	N / A
365	250	 Shira A. Scheindlin	 Jim Reilly 	N / A	N / A	N / A	N / A	N / A
364	250	 Shira A. Scheindlin	 {Vacant}	N / A	N / A	N / A	N / A	N / A
363	250	 Shira A. Scheindlin	 Jennifer Lee	N / A	N / A	N / A	N / A	N / A
362	250	 Shira A. Scheindlin	 The Honorable Charles L. Brieant, Jr., United States	N / A	N / A	N / A	N / A	N / A
376	251	 Sidney H. Stein	, Chief Fudge Stanley H. Fuld, New York Court of	N / A	N / A	N / A	N / A	N / A
164	252	 Stanley R. Chesler	 Sara Merin 	N / A	N / A	N / A	N / A	N / A
165	252	 Stanley R. Chesler	 Marielena Piriz	N / A	N / A	N / A	N / A	N / A
163	252	 Stanley R. Chesler	 Shawnda M. Grady	N / A	N / A	N / A	N / A	N / A
402	253	 Stephen C. Rebinson	 Joanna D’Arella	N / A	N / A	N / A	N / A	N / A
403	253	 Stephen C. Rebinson	 Adrienne Harris 	N / A	N / A	N / A	N / A	N / A
47	254	 Stephen N. Limbaugh	 Tracey Elbein 	N / A	N / A	N / A	N / A	N / A
48	254	 Stephen N. Limbaugh	 Gina Moshiri	N / A	N / A	N / A	N / A	N / A
286	255	 Sterling Johnson, Jr.	 Jason Williamson 	N / A	N / A	N / A	N / A	N / A
285	255	 Sterling Johnson, Jr.	 Lurie Daniel-Favors	N / A	N / A	N / A	N / A	N / A
135	256	 Steven James McAuliffe	 Parker B, Potter, Jn. 	N / A	N / A	N / A	N / A	N / A
299	257	 Steven M. Gold	 Erin O'Connor 	N / A	N / A	N / A	N / A	N / A
297	257	 Steven M. Gold	 The Honorable Herbert F. Murray, United States	N / A	N / A	N / A	N / A	N / A
298	257	 Steven M. Gold	 Aleah Borghard	N / A	N / A	N / A	N / A	N / A
466	258	 Stuart M.	 Jessica Lubarsky	N / A	N / A	N / A	N / A	N / A
467	258	 Stuart M.	 Michelle McGreal	N / A	N / A	N / A	N / A	N / A
616	259	 Susan J. Diott	 The Honorable Alvin I. Krenzler, Ohio Court of	N / A	N / A	N / A	N / A	N / A
506	260	 Terrence W. Boyle	 Lesley Bark. 	N / A	N / A	N / A	N / A	N / A
507	260	 Terrence W. Boyle	 John G. Mateus	N / A	N / A	N / A	N / A	N / A
51	261	 Terry 1. Adelman	 Amy MoFarland 	N / A	N / A	N / A	N / A	N / A
52	261	 Terry 1. Adelman	 The Honorable H. Kenneth Wangelin, United	N / A	N / A	N / A	N / A	N / A
53	261	 Terry 1. Adelman	 The Honorable John F Nangle, United States	N / A	N / A	N / A	N / A	N / A
54	261	 Terry 1. Adelman	 Charles Insler,	N / A	N / A	N / A	N / A	N / A
447	262	 Theodore H. Katz	 Kenneth Abell	N / A	N / A	N / A	N / A	N / A
448	262	 Theodore H. Katz	 Jason Astle	N / A	N / A	N / A	N / A	N / A
446	262	 Theodore H. Katz	 The Honorable Robert L. Carter, United States	N / A	N / A	N / A	N / A	N / A
339	263	 Thomas J. McAvoy	 Seth Eisenberg 	N / A	N / A	N / A	N / A	N / A
338	263	 Thomas J. McAvoy	 James Connor	N / A	N / A	N / A	N / A	N / A
539	264	 Thomas W. Waldrep,	 Parrish Lentz 	N / A	N / A	N / A	N / A	N / A
538	264	 Thomas W. Waldrep,	 Erik Harvey	N / A	N / A	N / A	N / A	N / A
201	265	 Tonianne J.	 Sharon Bray	N / A	N / A	N / A	N / A	N / A
128	266	 Valerie P Cooke	 The Honorable William N. Forman, Second Judicial	N / A	N / A	N / A	N / A	N / A
129	266	 Valerie P Cooke	 Elizabeth High	N / A	N / A	N / A	N / A	N / A
590	267	 Vernelis K. Armstrong	 Yolanda Gwinn 	N / A	N / A	N / A	N / A	N / A
591	267	 Vernelis K. Armstrong	 Bahar Ansari	N / A	N / A	N / A	N / A	N / A
592	267	 Vernelis K. Armstrong	 Zoltan Hargitai,	N / A	N / A	N / A	N / A	N / A
498	268	 Victor E. Bianchini	 Andrea Basso	N / A	N / A	N / A	N / A	N / A
394	269	 Victor Marrero	 Patricia Wencelblat	N / A	N / A	N / A	N / A	N / A
392	269	 Victor Marrero	 Esterina Giuliani 	N / A	N / A	N / A	N / A	N / A
393	269	 Victor Marrero	 Jonathan Lawson 	N / A	N / A	N / A	N / A	N / A
311	270	 Viktor V. Pohorelsky	/Courtroom Deputy James J. Toritto	N / A	N / A	N / A	N / A	N / A
309	270	 Viktor V. Pohorelsky	 The Honorable Earl Veron Summer (1980); Law	N / A	N / A	N / A	N / A	N / A
310	270	 Viktor V. Pohorelsky	 Anat Grosfeld	N / A	N / A	N / A	N / A	N / A
510	271	 W. Earl Britt	 Jobynn Childers Dellinger 	N / A	N / A	N / A	N / A	N / A
508	271	 W. Earl Britt	 The Honorable Emery B. Denny, North Carolina	N / A	N / A	N / A	N / A	N / A
509	271	 W. Earl Britt	 Tivey Clark 	N / A	N / A	N / A	N / A	N / A
511	271	 W. Earl Britt	 Amy C. Petty 	N / A	N / A	N / A	N / A	N / A
104	272	 Warren K. Urbom	 Mare Pearce 	N / A	N / A	N / A	N / A	N / A
516	273	 William A. Webb pale Laura Whitchead@neeb useours gov Fax: (252) 243-4870 Shoal 094 Seg) dees Zee UAB nee Carolina cently Beaty and Friende (1978-1981) . ‘	 The Honorable Franklin T. Dupree, Jr. (1976-1978) Fee anyone: North Carolina Bar Association; The North Carolina State	N / A	N / A	N / A	N / A	N / A
418	274	 William C. Conner	 Erie C. Hawkins 2.00.00	N / A	N / A	N / A	N / A	N / A
417	274	 William C. Conner	 Rosa Castello	N / A	N / A	N / A	N / A	N / A
419	274	 William C. Conner	 David Sinkman 	N / A	N / A	N / A	N / A	N / A
316	275	 William D. Wall	 Sandra J. Disbrow	N / A	N / A	N / A	N / A	N / A
317	275	 William D. Wall	 F Judith Hepworth 	N / A	N / A	N / A	N / A	N / A
248	276	 William Daniel	 Stephen O’Brien 	N / A	N / A	N / A	N / A	N / A
596	277	 William H. Baughman,	 Steven J. Kurdziel	N / A	N / A	N / A	N / A	N / A
595	277	 William H. Baughman,	 The Honorable Roger Kiley, United States Court of	N / A	N / A	N / A	N / A	N / A
192	278	 William H. Walls	 Joshua Brodsky	N / A	N / A	N / A	N / A	N / A
193	278	 William H. Walls	 Steven Chin 0.0	N / A	N / A	N / A	N / A	N / A
194	278	 William H. Walls	 Dominica Tarezynska 	N / A	N / A	N / A	N / A	N / A
191	278	 William H. Walls	, Kirkman, Mulligan, Bell & Armstrong	N / A	N / A	N / A	N / A	N / A
159	279	 William J. Martini	 Teresa Park. 	N / A	N / A	N / A	N / A	N / A
160	279	 William J. Martini	 Jennifer Weires 	N / A	N / A	N / A	N / A	N / A
162	280	 William J. Martini continwed	 Jennifer Weires 	N / A	N / A	N / A	N / A	N / A
161	280	 William J. Martini continwed	 Teresa Park. 	N / A	N / A	N / A	N / A	N / A
534	281	 William L.	 Jennifer Shea 	N / A	N / A	N / A	N / A	N / A
525	282	 William Lindsay Osteen,	 Peter Whitfield. 	N / A	N / A	N / A	N / A	N / A
524	282	 William Lindsay Osteen,	 Mark A. Jomes 	N / A	N / A	N / A	N / A	N / A
489	283	 William M. Skretny	 Andrew W. Moeller	N / A	N / A	N / A	N / A	N / A
223	284	 William P. Johnson	 Houston Stokes	N / A	N / A	N / A	N / A	N / A
224	284	 William P. Johnson	 Phyllis Amato	N / A	N / A	N / A	N / A	N / A
485	285	 {recalled} Burton R.	 Una O'Boyle	N / A	N / A	N / A	N / A	N / A
484	285	 {recalled} Burton R.	 Erin K. Healy Mautner	N / A	N / A	N / A	N / A	N / A
487	285	 {recalled} Burton R.	 Monica J. Wallace	N / A	N / A	N / A	N / A	N / A
486	285	 {recalled} Burton R.	 Michael J. Roemer	N / A	N / A	N / A	N / A	N / A
